path	dos_timestamp
..\ZACKCMP\DESKIP.C	1994-03-28 13:34:36
..\POLIB\INC\FLEX.H	1994-01-06 11:28:00
COLBUF.C	1993-11-15 21:41:02
INIT.C	1994-12-13 16:52:36
MAIN.C	1995-02-10 16:02:42
MOTRAK.C	1994-01-24 16:54:52
U8DIR.C	1994-06-07 12:51:46
..\ITEM\COMBIN.C	1994-12-02 11:01:56
..\ITEM\ITEM.C	1994-12-08 16:33:06
..\GLIB\PROCESS.H	1994-02-14 19:20:14
..\UI\NEWGUMP.H	1993-10-08 15:16:06
..\ITEM\ITEMCACH.C	1994-04-13 11:51:28
..\ITEM\NPC.C	1994-11-26 16:13:28
EVENT\CINTLIST.C	1992-12-09 11:30:02
EVENT\CMEVENT.C	1993-03-30 13:46:10
EVENT\CMOUSE.C	1994-02-01 18:05:04
EVENT\CMPOINT.C	1993-06-15 16:27:36
EVENT\CMSELECT.C	1994-01-12 13:47:52
EVENT\CTMPOINT.C	1994-02-03 22:26:34
EVENT\CTRACKER.C	1994-02-16 15:35:12
EVENT\KTIMER.C	1994-03-14 01:17:52
FILE\FILESPEC.C	1993-10-08 00:57:12
FILE\CFILE.C	1994-02-14 15:10:38
FILE\CSHRFILE.C	1994-06-07 12:26:12
FILE\FEXIST.C	1992-09-23 18:19:20
FLEX\FASTFLEX.C	1994-03-02 21:35:00
FLEX\FLEX.C	1994-02-13 13:35:42
FLEX\STEPFLEX.C	1994-12-19 22:45:08
FLEX\SPCHFLEX.C	1994-02-24 18:02:18
GRAPHICS\CCURRVP.C	1992-06-16 03:21:36
GRAPHICS\CGLOBVP.C	1993-01-25 14:24:26
GRAPHICS\CICRTC.C	1992-08-15 17:25:10
GRAPHICS\CPALETTE.C	1994-01-20 01:39:48
GRAPHICS\CRECT.C	1993-03-16 09:57:42
GRAPHICS\CSHAPE.C	1994-01-27 19:01:38
GRAPHICS\CVIDMODE.C	1993-09-15 21:41:24
GRAPHICS\CVPORT.C	1994-03-08 01:49:18
GRAPHICS\CVRESTO.C	1992-06-16 03:21:38
GRAPHICS\CYTABLE.C	1993-01-22 16:56:44
GRAPHICS\INITSYS.C	1992-12-09 14:03:54
GRAPHICS\MERGEARY.C	1993-01-25 20:47:22
DEXT286\CDESC.C	1994-01-19 18:29:58
DEXT286\CPROTMEM.C	1994-03-12 21:22:02
DEXT286\SELMNGR.C	1994-03-10 00:19:14
MEM\CMEMHNDP.C	1993-01-25 21:41:32
MISC\CBIOS.C	1993-03-02 12:56:50
MISC\CDLIST.C	1992-11-17 15:05:26
MISC\CLLIST.C	1994-01-20 22:27:52
MISC\CEXIT.C	1993-11-19 19:09:52
MISC\ERROR.C	1994-03-11 17:36:24
MISC\FERROR.C	1994-02-25 13:06:02
MISC\FVINFO.C	1993-03-19 12:42:14
MVSCN\MVSCRN.C	1992-09-17 16:12:12
SKIPDRAW\FWRITSKP.C	1992-12-09 09:37:30
SKIPDRAW\IWRITSKP.C	1992-10-16 11:00:50
SKIPDRAW\WRITSKP.C	1992-12-09 09:33:32
..\SOUND\DSFXMAN.C	1994-04-13 15:49:12
..\SOUND\SNDMGR.C	1994-03-14 03:19:40
..\SOUND\SONARC.C	1994-02-27 16:24:22
SYSTEM\LSYSTEM.C	1994-01-15 00:39:46
SYSTEM\SYSTEM.C	1993-01-22 17:03:40
SYSTEM\SIMPEXIT.C	1993-11-05 15:34:08
TEXT\CWRKSTR.C	1993-08-11 13:03:10
DOSFIX32\DESCRIPT.C	1994-02-25 23:50:56
OCCLUDE.C	1993-11-22 19:37:50
CAMERA.C	1994-12-19 10:14:10
DLIST.C	1994-12-19 09:58:34
DLITEM.C	1993-12-15 15:50:40
SSQUARE.C	1992-09-23 10:10:34
ARTLESS.C	1993-07-29 19:07:38
BASECAM.C	1994-03-05 16:06:42
BUTTON.C	1993-11-08 21:39:26
COMBOBOX.C	1993-02-02 12:13:10
DRAGGUMP.C	1993-10-08 14:55:08
DISPATCH.C	1994-05-11 16:55:44
FILEBOX.C	1993-08-29 14:39:54
FONT.C	1994-01-20 19:28:58
GUMPCOLR.C	1993-05-19 09:55:14
GUMPSHAP.C	1993-05-12 15:44:34
LISTBOX.C	1993-12-03 10:42:16
MENU.C	1993-07-09 09:30:06
MESSAGE.C	1993-05-11 15:35:30
NEWGUMP.C	1994-03-10 18:27:06
SBUTTON.C	1992-11-05 15:39:56
SCROLBAR.C	1993-12-21 13:00:44
TBUTTON.C	1993-07-09 09:36:00
TEXTEDIT.C	1994-02-11 14:41:24
TEXTGUMP.C	1993-12-10 09:52:06
BARK.C	1994-03-07 15:00:58
CAFONT.C	1994-01-31 19:51:22
CONTGUMP.C	1994-04-07 18:28:04
EDITEM.C	1994-12-19 10:17:44
FLICPLAY.C	1994-03-04 21:38:02
FORMAT.C	1994-02-16 01:44:26
IRGUMP.C	1994-04-07 16:45:38
KTEXTED.C	1994-03-02 16:19:40
MAINMENU.C	1994-12-19 09:37:04
MSGPROC.C	1994-02-28 22:17:10
PAGAN.C	1994-03-04 21:41:00
SLIDER.C	1994-12-05 09:55:20
STATGUMP.C	1994-04-08 11:40:18
TARGGUMP.C	1994-02-12 17:37:06
U8DISPAT.C	1994-03-14 04:39:18
U8GMPSHP.C	1993-12-16 15:33:08
U8POINT.C	1994-02-23 11:46:42
U8SBAR.C	1994-01-05 12:46:32
U8YESNO.C	1994-02-27 14:55:14
WORLD.C	1994-12-21 16:24:18
..\UNK\UNITFILE.C	1994-06-01 08:54:06
ZSEARCH.C	1994-01-05 16:03:20
DEBUGGER.C	1994-03-08 17:07:12
INTER.C	1994-03-07 13:14:52
UPROCESS.C	1994-03-07 13:13:12
YAMM.C	1994-02-08 18:54:48
FLAG.C	1994-03-14 03:05:10
ARMORDAT.C	1994-12-15 11:25:40
AUXFUNCS.C	1994-02-18 16:20:08
SPRITE.C	1994-02-26 21:16:42
COLLIDE.C	1993-06-10 11:01:54
WPNCACHE.C	1994-03-02 19:24:02
FANIM.C	1994-01-05 16:19:34
ASTREAM.C	1993-12-09 11:45:42
AHEADER.C	1993-12-09 11:38:40
ANIM.C	1994-12-09 15:47:32
ANIMFILE.C	1994-02-21 17:27:46
ANIMCACH.C	1994-01-05 16:59:18
ANIMPRIM.C	1994-11-26 15:09:16
ANIMCLAS.C	1994-12-16 10:52:00
ANODE.C	1993-05-10 17:07:42
BARKFIDG.C	1994-02-27 19:45:06
ANIMCALL.C	1994-03-02 18:18:20
